{
  "sim_label": "m12i_btps_soft_highest",
  "snapshot_num": 50,
  "host_m200c_in_1e10Msun": 113.02644348144531,
  "host_r200c_in_Mpc": 0.21446461975574493,
  "host_r100c_in_Mpc": 0.2809104323387146,
  "V200c_in_cgs": 15052798.173610756,
  "n_subhalos_in_R100c": 62076
}