{
  "sim_label": "m12f_cdmo",
  "snapshot_num": 49,
  "host_m200c_in_1e10Msun": 132.2710418701172,
  "host_r200c_in_Mpc": 0.22600457072257996,
  "host_r100c_in_Mpc": 0.3033527135848999,
  "V200c_in_cgs": 15862762.136794837,
  "n_subhalos_in_R100c": 5329
}