{
  "sim_label": "m12i_btps_soft",
  "snapshot_num": 50,
  "host_m200c_in_1e10Msun": 112.37517547607422,
  "host_r200c_in_Mpc": 0.21405190229415894,
  "n_subhalos_in_R50c": 9559
}