{
  "sim_label": "m12f_cdmo",
  "snapshot_num": 49,
  "host_m200c_in_1e10Msun": 132.2710418701172,
  "host_r200c_in_Mpc": 0.22600457072257996,
  "n_subhalos_in_R50c": 6487
}