{
  "sim_label": "m12i_btps_soft_highest",
  "snapshot_num": 50,
  "host_m200c_in_1e10Msun": 113.02644348144531,
  "host_r200c_in_Mpc": 0.21446461975574493,
  "n_subhalos_in_R50c": 71573
}