{
  "sim_label": "m12f_btps_soft",
  "snapshot_num": 49,
  "host_m200c_in_1e10Msun": 150.07464599609375,
  "host_r200c_in_Mpc": 0.23572088778018951,
  "n_subhalos_in_R50c": 12550
}